CREATE TABLE DBMS_TYP(
  DBMS_TYP_ID VARCHAR2(32),
  DBMS_TYP_NM VARCHAR2(20),
  DBMS_VER VARCHAR2(20),
  DBMS_DRIVER VARCHAR2(50)
);

ALTER TABLE DBMS_TYP ADD CONSTRAINT DBMS_TYP_PK PRIMARY KEY (DBMS_TYP_ID);

INSERT INTO DBMS_TYP VALUES ('329EB5FEE1C6480DA4B95331358091AE', 'ORACLE RDBMS', '11G R2', 'oracle.jdbc.driver.OracleDriver');
INSERT INTO DBMS_TYP VALUES ('9906961E00FF4444BB3F8940EAF17575', 'ORACLE RDBMS', '10G R1', NULL);


CREATE TABLE CLCT_TAB(
  CLCT_TAB_ID VARCHAR2(32) NOT NULL,
  CLCT_TAB_NM VARCHAR2(30),
  EXPORT_SQL VARCHAR2(2000),
  IMPORT_SQL VARCHAR2(2000)
);

INSERT INTO CLCT_TAB VALUES ('6F11CDE912F2409A8866D9608DAFD8AE', 'DBA_TABLES', 'SELECT TABLE_NAME, TABLESPACE_NAME, NUM_ROWS, BLOCKS, EMPTY_BLOCKS, AVG_SPACE, CHAIN_CNT, AVG_ROW_LEN, AVG_SPACE_FREELIST_BLOCKS, SAMPLE_SIZE, PARTITIONED, TEMPORARY FROM DBA_TABLES WHERE OWNER = ?','INSERT INTO ORA_TABLES VALUES(?,?,?,?,?,?,?,?,?,?,?,?,?,?,?,?)');
INSERT INTO CLCT_TAB VALUES ('7621CF0196FC4467A59EEDF7A6CD196D', 'DBA_TAB_COLUMNS', 'SELECT TABLE_NAME, COLUMN_NAME, DATA_LENGTH, DATA_PRECISION, DATA_SCALE, NULLABLE, COLUMN_ID, DATA_DEFAULT, NUM_DISTINCT, LOW_VALUE, HIGH_VALUE, DENSITY, NUM_NULLS, NUM_BUCKETS, SAMPLE_SIZE  FROM DBA_TAB_COLUMNS WHERE OWNER = ?','INSERT INTO ORA_TAB_COLUMNS VALUES(?,?,?,?,?,?,?,?,?,?,?,?,?,?,?,?,?,?,?)');
INSERT INTO CLCT_TAB VALUES ('B1377F9E52C24C4592166B83C29E2C6A', 'DBA_CONSTRAINTS', 'SELECT TABLE_NAME, CONSTRAINT_NAME, CONSTRAINT_TYPE, SEARCH_CONDITION, R_OWNER, R_CONSTRAINT_NAME, DELETE_RULE, STATUS , INDEX_OWNER, INDEX_NAME FROM DBA_CONSTRAINTS WHERE OWNER = ?','INSERT INTO ORA_CONSTRAINTS VALUES(?,?,?,?,?,?,?,?,?,?,?,?,?,?)');
INSERT INTO CLCT_TAB VALUES ('919386C389034850B7C894A598E46EBD', 'DBA_CONS_COLUMNS', 'SELECT CONSTRAINT_NAME, TABLE_NAME, COLUMN_NAME, POSITION FROM DBA_CONS_COLUMNS WHERE OWNER = ?','INSERT INTO ORA_CONS_COLUMNS VALUES(?,?,?,?,?,?,?,?)');
INSERT INTO CLCT_TAB VALUES ('3E2FBCA98B384385BF0EE986034B7640', 'DBA_INDEXES', 'SELECT INDEX_NAME, INDEX_TYPE, TABLE_NAME, UNIQUENESS, TABLESPACE_NAME, BLEVEL, LEAF_BLOCKS, DISTINCT_KEYS, AVG_LEAF_BLOCKS_PER_KEY, AVG_DATA_BLOCKS_PER_KEY, CLUSTERING_FACTOR, NUM_ROWS, SAMPLE_SIZE, PARTITIONED FROM DBA_INDEXES WHERE OWNER = ?','INSERT INTO ORA_INDEXES VALUES(?,?,?,?,?,?,?,?,?,?,?,?,?,?,?,?,?,?)');
INSERT INTO CLCT_TAB VALUES ('00AEC0A53EF340BB84A1078227C79E26', 'DBA_IND_PARTITIONS', 'SELECT INDEX_NAME, COMPOSITE, PARTITION_NAME, HIGH_VALUE, PARTITION_POSITION, TABLESPACE_NAME, BLEVEL, LEAF_BLOCKS, DISTINCT_KEYS, AVG_LEAF_BLOCKS_PER_KEY, AVG_DATA_BLOCKS_PER_KEY, CLUSTERING_FACTOR, NUM_ROWS, SAMPLE_SIZE FROM DBA_IND_PARTITIONS WHERE INDEX_OWNER = ?','INSERT INTO ORA_IND_PARTITIONS VALUES(?,?,?,?,?,?,?,?,?,?,?,?,?,?,?,?,?,?)');
INSERT INTO CLCT_TAB VALUES ('58E3C17E5C7C455CB047ECE76F9C846D', 'DBA_IND_SUBPARTITIONS', 'SELECT INDEX_NAME, PARTITION_NAME, SUBPARTITION_NAME, HIGH_VALUE, SUBPARTITION_POSITION, TABLESPACE_NAME, BLEVEL, LEAF_BLOCKS, DISTINCT_KEYS, AVG_LEAF_BLOCKS_PER_KEY, AVG_DATA_BLOCKS_PER_KEY, CLUSTERING_FACTOR, NUM_ROWS, SAMPLE_SIZE FROM DBA_IND_SUBPARTITIONS WHERE INDEX_OWNER = ?','INSERT INTO ORA_IND_SUBPARTITIONS VALUES(?,?,?,?,?,?,?,?,?,?,?,?,?,?,?,?,?,?)');
INSERT INTO CLCT_TAB VALUES ('9BF4A4AF3D564FE3BA78BC666A03B8D9', 'DBA_IND_COLUMNS', 'SELECT INDEX_NAME, TABLE_NAME, COLUMN_NAME, COLUMN_POSITION, DESCEND FROM DBA_IND_COLUMNS WHERE TABLE_OWNER = ?','INSERT INTO ORA_IND_COLUMNS VALUES(?,?,?,?,?,?,?,?,?)');
INSERT INTO CLCT_TAB VALUES ('B9034902AD4A439BB50B5DE701563D02', 'DBA_TAB_PARTITIONS', 'SELECT TABLE_NAME, COMPOSITE, PARTITION_NAME, HIGH_VALUE, PARTITION_POSITION, TABLESPACE_NAME, NUM_ROWS, BLOCKS, SAMPLE_SIZE FROM DBA_TAB_PARTITIONS WHERE TABLE_OWNER = ?','INSERT INTO ORA_TAB_PARTITIONS VALUES(?,?,?,?,?,?,?,?,?,?,?,?,?)');
INSERT INTO CLCT_TAB VALUES ('4FA94216F84647A9803D7605AF5BD62E', 'DBA_TAB_SUBPARTITIONS', 'SELECT TABLE_NAME, PARTITION_NAME, SUBPARTITION_NAME, HIGH_VALUE, SUBPARTITION_POSITION, TABLESPACE_NAME, NUM_ROWS, BLOCKS, SAMPLE_SIZE FROM DBA_TAB_SUBPARTITIONS WHERE TABLE_OWNER = ?','INSERT INTO ORA_TAB_SUBPARTITIONS VALUES(?,?,?,?,?,?,?,?,?,?,?,?,?)');
INSERT INTO CLCT_TAB VALUES ('F8FDD4E332B546AA954B8C8A0033003B', 'DBA_SEQUENCES', 'SELECT SEQUENCE_NAME, MIN_VALUE, MAX_VALUE, INCREMENT_BY, CYCLE_FLAG, ORDER_FLAG, CACHE_SIZE, LAST_NUMBER FROM DBA_SEQUENCES WHERE SEQUENCE_OWNER = ?','INSERT INTO ORA_SEQUENCES VALUES(?,?,?,?,?,?,?,?,?,?,?,?)');
INSERT INTO CLCT_TAB VALUES ('9254CC08A4BF4ECDAA52F649F62362D9', 'V$SQLAREA', 'SELECT SQL_ID, SQL_TEXT, SQL_FULLTEXT, SHARABLE_MEM, PERSISTENT_MEM, RUNTIME_MEM, SORTS, VERSION_COUNT, LOADED_VERSIONS, OPEN_VERSIONS, USERS_OPENING, FETCHES, EXECUTIONS, PX_SERVERS_EXECUTIONS, END_OF_FETCH_COUNT, USERS_EXECUTING, LOADS, FIRST_LOAD_TIME, INVALIDATIONS, PARSE_CALLS, DISK_READS, DIRECT_WRITES, BUFFER_GETS, APPLICATION_WAIT_TIME, CONCURRENCY_WAIT_TIME, CLUSTER_WAIT_TIME, USER_IO_WAIT_TIME, PLSQL_EXEC_TIME, JAVA_EXEC_TIME, ROWS_PROCESSED, COMMAND_TYPE, OPTIMIZER_MODE, OPTIMIZER_COST, OPTIMIZER_ENV, OPTIMIZER_ENV_HASH_VALUE, PARSING_USER_ID, PARSING_SCHEMA_ID, PARSING_SCHEMA_NAME, KEPT_VERSIONS, ADDRESS, HASH_VALUE, OLD_HASH_VALUE, PLAN_HASH_VALUE, MODULE, MODULE_HASH, ACTION, ACTION_HASH, SERIALIZABLE_ABORTS, OUTLINE_CATEGORY, CPU_TIME, ELAPSED_TIME, OUTLINE_SID, LAST_ACTIVE_CHILD_ADDRESS, REMOTE, OBJECT_STATUS, LITERAL_HASH_VALUE, LAST_LOAD_TIME, IS_OBSOLETE, IS_BIND_SENSITIVE, IS_BIND_AWARE, CHILD_LATCH, SQL_PROFILE, SQL_PATCH, SQL_PLAN_BASELINE, PROGRAM_ID, PROGRAM_LINE#, EXACT_MATCHING_SIGNATURE, FORCE_MATCHING_SIGNATURE, LAST_ACTIVE_TIME, BIND_DATA, TYPECHECK_MEM, IO_CELL_OFFLOAD_ELIGIBLE_BYTES, IO_INTERCONNECT_BYTES, PHYSICAL_READ_REQUESTS, PHYSICAL_READ_BYTES, PHYSICAL_WRITE_REQUESTS, PHYSICAL_WRITE_BYTES, OPTIMIZED_PHY_READ_REQUESTS, LOCKED_TOTAL, PINNED_TOTAL, IO_CELL_UNCOMPRESSED_BYTES, IO_CELL_OFFLOAD_RETURNED_BYTES FROM V$SQLAREA WHERE PARSING_SCHEMA_NAME = ? AND MODULE = ''Manager.exe''','INSERT INTO ORA_SQLAREA VALUES(?, ?, ?, ?, ?, ?, ?, ?, ?, ?, ?, ?, ?, ?, ?, ?, ?, ?, ?, ?, ?, ?, ?, ?, ?, ?, ?, ?, ?, ?, ?, ?, ?, ?, ?, ?, ?, ?, ?, ?, ?, ?, ?, ?, ?, ?, ?, ?, ?, ?, ?, ?, ?, ?, ?, ?, ?, ?, ?, ?, ?, ?, ?, ?, ?, ?, ?, ?, ?, ?, ?, ?, ?, ?, ?, ?, ?, ?, ?, ?, ?, ?, ?, ?, ?, ?)');
INSERT INTO CLCT_TAB VALUES ('C6BA776314444C429D9D6E0C5C6D485A', 'V$SQL_PLAN', 'SELECT X.SQL_ID , X.ADDRESS , X.HASH_VALUE , X.PLAN_HASH_VALUE , X.CHILD_ADDRESS , X.CHILD_NUMBER , X.TIMESTAMP , X.OPERATION , X.OPTIONS , X.OBJECT_NODE , X.OBJECT# , X.OBJECT_OWNER , X.OBJECT_NAME , X.OBJECT_ALIAS , X.OBJECT_TYPE , X.OPTIMIZER , X.ID , X.PARENT_ID , X.DEPTH , X.POSITION , X.SEARCH_COLUMNS , X.COST , X.CARDINALITY , X.BYTES , X.OTHER_TAG , X.PARTITION_START , X.PARTITION_STOP , X.PARTITION_ID , X.OTHER , X.DISTRIBUTION , X.CPU_COST , X.IO_COST , X.TEMP_SPACE , X.ACCESS_PREDICATES , X.FILTER_PREDICATES , X.PROJECTION , X.TIME , X.QBLOCK_NAME , X.REMARKS , X.OTHER_XML FROM V$SQL_PLAN X, (SELECT SQL_ID FROM V$SQLAREA WHERE PARSING_SCHEMA_NAME = ? AND MODULE = ''Manager.exe'') Y WHERE X.SQL_ID = Y.SQL_ID','INSERT INTO ORA_SQLPLAN VALUES(?, ?, ?, ?, ?, ?, ?, ?, ?, ?, ?, ?, ?, ?, ?, ?, ?, ?, ?, ?, ?, ?, ?, ?, ?, ?, ?, ?, ?, ?, ?, ?, ?, ?, ?, ?, ?, ?, ?, ?, ?, ?, ?, ?)');




CREATE TABLE DBMS_TYP_PER_CLCT_TAB(
  DBMS_TYP_ID VARCHAR2(32),
  SEQ NUMBER,
  CLCT_TAB_ID VARCHAR2(32)
);

INSERT INTO DBMS_TYP_PER_CLCT_TAB VALUES ('329EB5FEE1C6480DA4B95331358091AE', 1,'6F11CDE912F2409A8866D9608DAFD8AE');
INSERT INTO DBMS_TYP_PER_CLCT_TAB VALUES ('329EB5FEE1C6480DA4B95331358091AE', 2,'7621CF0196FC4467A59EEDF7A6CD196D');
INSERT INTO DBMS_TYP_PER_CLCT_TAB VALUES ('329EB5FEE1C6480DA4B95331358091AE', 3,'B1377F9E52C24C4592166B83C29E2C6A');
INSERT INTO DBMS_TYP_PER_CLCT_TAB VALUES ('329EB5FEE1C6480DA4B95331358091AE', 4,'919386C389034850B7C894A598E46EBD');
INSERT INTO DBMS_TYP_PER_CLCT_TAB VALUES ('329EB5FEE1C6480DA4B95331358091AE', 5,'3E2FBCA98B384385BF0EE986034B7640');
INSERT INTO DBMS_TYP_PER_CLCT_TAB VALUES ('329EB5FEE1C6480DA4B95331358091AE', 6,'00AEC0A53EF340BB84A1078227C79E26');
INSERT INTO DBMS_TYP_PER_CLCT_TAB VALUES ('329EB5FEE1C6480DA4B95331358091AE', 7,'58E3C17E5C7C455CB047ECE76F9C846D');
INSERT INTO DBMS_TYP_PER_CLCT_TAB VALUES ('329EB5FEE1C6480DA4B95331358091AE', 8,'9BF4A4AF3D564FE3BA78BC666A03B8D9');
INSERT INTO DBMS_TYP_PER_CLCT_TAB VALUES ('329EB5FEE1C6480DA4B95331358091AE', 9,'B9034902AD4A439BB50B5DE701563D02');
INSERT INTO DBMS_TYP_PER_CLCT_TAB VALUES ('329EB5FEE1C6480DA4B95331358091AE', 10,'4FA94216F84647A9803D7605AF5BD62E');
INSERT INTO DBMS_TYP_PER_CLCT_TAB VALUES ('329EB5FEE1C6480DA4B95331358091AE', 11,'F8FDD4E332B546AA954B8C8A0033003B');
INSERT INTO DBMS_TYP_PER_CLCT_TAB VALUES ('329EB5FEE1C6480DA4B95331358091AE', 12,'9254CC08A4BF4ECDAA52F649F62362D9');
INSERT INTO DBMS_TYP_PER_CLCT_TAB VALUES ('329EB5FEE1C6480DA4B95331358091AE', 13,'C6BA776314444C429D9D6E0C5C6D485A');

COMMIT;

